[
  {
    "symbol": "FLT",
    "from": "2022-07-25",
    "until": "2022-11-09",
    "answer": "down"
  },
  {
    "symbol": "FLT",
    "from": "2022-01-05",
    "until": "2022-06-10",
    "answer": "notrend"
  },
  {
    "symbol": "ITW",
    "from": "2022-09-04",
    "until": "2023-03-31",
    "answer": "up"
  },
  {
    "symbol": "ITW",
    "from": "2022-10-19",
    "until": "2023-01-27",
    "answer": "up"
  },
  {
    "symbol": "MCHP",
    "from": "2022-03-15",
    "until": "2023-01-20",
    "answer": "notrend"
  },
  {
    "symbol": "MCHP",
    "from": "2021-05-19",
    "until": "2021-10-28",
    "answer": "notrend"
  },
  {
    "symbol": "MU",
    "from": "2022-04-04",
    "until": "2023-01-05",
    "answer": "down"
  },
  {
    "symbol": "MU",
    "from": "2021-10-28",
    "until": "2022-01-18",
    "answer": "up"
  },
  {
    "symbol": "MU",
    "from": "2021-03-22",
    "until": "2021-12-27",
    "answer": "up"
  },
  {
    "symbol": "XEL",
    "from": "2022-03-03",
    "until": "2023-01-17",
    "answer": "up"
  },
  {
    "symbol": "XEL",
    "from": "2021-05-25",
    "until": "2021-11-18",
    "answer": "down"
  },
  {
    "symbol": "CBOE",
    "from": "2022-03-22",
    "until": "2022-09-07",
    "answer": "notrend"
  },
  {
    "symbol": "EW",
    "from": "2022-01-14",
    "until": "2022-09-14",
    "answer": "down"
  },
  {
    "symbol": "ATVI",
    "from": "2022-06-23",
    "until": "2023-04-06",
    "answer": "up"
  },
  {
    "symbol": "ATVI",
    "from": "2021-10-11",
    "until": "2022-05-05",
    "answer": "notrend"
  },
  {
    "symbol": "NOW",
    "from": "2021-08-05",
    "until": "2022-07-21",
    "answer": "down"
  },
  {
    "symbol": "NOW",
    "from": "2022-09-16",
    "until": "2023-03-23",
    "answer": "notrend"
  },
  {
    "symbol": "TAP",
    "from": "2022-04-06",
    "until": "2023-03-31",
    "answer": "notrend"
  },
  {
    "symbol": "TAP",
    "from": "2021-04-09",
    "until": "2021-12-23",
    "answer": "down"
  },
  {
    "symbol": "SO",
    "from": "2021-07-15",
    "until": "2022-03-24",
    "answer": "up"
  }
]